Ciudad,Días,Descripción,Lugares
hanoi-1,dia1,"Llegué a Hanoi después de infinitas horas de vuelo y una escala heladora en Beijing. La intensidad de Hanoi, combinada con el jet lag, me dejó k.o. por unas horas; poco a poco, por la tarde salí a pasear a buscar un sitio donde no me alcanzara el ruido, las motos y la polución. Paseé por el Old Quarter y entré en 200 tiendas de made in Vietnam. Indecisa, entré en el primer sitio que vi que servían phở y cené rezando por no intoxicarme en mi primera noche. En Vietnam tienes que aprender a comer sin mirar mucho a tu alrededor, y solo confiar en cómo saben las cosas en tu boca. Me fui a la cama temprano y dormí casi del tirón.",Hang Trong Garden
hanoi-1,dia2,"Primer día despertando en Vietnam. Desayuné en el hostel y di un paseo por otras calles que no había visto el día anterior; Hanoi de día es diferente y poco a poco me fui acostumbrando a los cláxones y a absorber o ignorar todos los estímulos que venían a mí sin parar. Tomé mi primer egg coffee en un balcón de un bar con vistas a la catedral. Pasé la mañana en la ciudad Imperial, visité un búnker que se usó durante la guerra, y fui a comer un bún chả, una de mis comidas favoritas de Vietnam. Después reservé cita para un spa capilar de hierbas y me fui a tomar un café mientras esperaba la hora de la cita. En el spa capilar, me hicieron un lavado con un agua con hierbas, me explicaron que las usan para prepararse para el año nuevo lunar. Me gustó mucho, aunque el olor me recordó a cómo huelen las chinches de los árboles cuando las aplastas. Luego caminé de vuelta al hotel buscando en todas las tiendas made in Vietnam la mochila de North Face que quería y un chubasquero que me sirviese. Los encontré y cené en un callejón lleno de taburetes azules unos pinchos de carne de cerdo fermentada y patatas fritas con especias.","St. Joseph Cathedral
Nhà hàng La Place
Imperial Citadel of Thang Long
Tuyết Bún Chả 34
Nhà Spa - 75 Hàng Mã
Lecker Tạm Thương"
hanoi-1,dia3,"Desperté temprano con todo listo para desayunar y coger el minibus camino a la bahía de Ha Long.
Me recogieron la primera en una furgoneta de 8 personas y, después de recoger a los demás en sus hoteles correspondientes, pusimos rumbo hacia allí.",
halong,dia1,"A mediodía embarqué en el crucero, comí y fui a ver mi camarote. Lujo asiático literal. A primera hora de la tarde el barco paró y nos dejaron hacer kayak por las aguas de la bahía; es lo que más me gustó del crucero. Volví al barco, me bañé en la piscina y luego me di un baño en mi bañera con vistas. El resto del día estuve haciendo fotos sin parar y ya de noche, antes de cenar, nos enseñaron cómo hacer rollitos vietnamitas.",
halong,dia2,,"Northern Pier of Cat Ba
Military Hospital Cave"
ninhbinh,dia1,"Madrugón épico para desayunar y coger minibarcos hasta la isla de Cát Bà, la isla de las mujeres. Allí fuimos a visitar la Cueva Hospital, que se llama así porque literalmente la usaban como hospital durante la guerra. Volvimos al crucero y tomamos un brunch; después nos llevaron en los minibarcos a puerto y esperé hasta que llegó mi autobús con destino a Tam Coc. Dormí casi todo el trayecto cómodamente porque iba en el primer asiento y se reclinaba casi por completo.","Thai Vi Temple
Banh Mi Lady Stall"
ninhbinh,dia2,"20:53El segundo día en Tam Coc amaneció lloviendo; después de desayunar un bocadillo de tortilla y un mango (cortesía de Asahí Villa Homestay), robé un plátano y cogí un grab hacia Bái Đính Pagoda.
Al llegar, y antes de comprar la entrada, unas señoras en la puerta me escribieron 3 papeles de rezos, me dieron un paquete de incienso y un mechero, y me mandaron para adentro sin saber muy bien qué hacer. El mechero me lo sacaron de la mochila de vuelta a España en el control de China; los papeles los fui dejando en el altar del templo que cada uno tenía indicado, sin saber muy bien qué estaba pidiendo. Pasé muchas horas recorriendo el recinto y me encantó. Subí a la pagoda de 12 pisos (en ascensor), me enfrenté a un incontable número de escalones y estuve a punto de caerme 4 veces por el suelo mojado. Hice cientos de fotos. Además, no había casi nadie; había momentos en los que estaba sola completamente en medio del bosque; me pareció un sitio precioso.
Hacia la hora de comer, me trasladé a Trang An para hacer la ruta en barca que había comprado junto con la entrada de la pagoda; tuve que darme prisa porque el recorrido dura 3 horas y no te dejan embarcar después de las 15 para que no se haga de noche. Me comí un arroz en el embarcadero y me subí corriendo en la primera barca que me dejaron, compartida con una madre y sus dos hijos mayores. Hicimos una ruta que pasaba por cuevas y paraba en templos en medio del río. Al volver al embarcadero cogí mi primer grab moto y, volando entre los arrozales, llegué a Tam Coc para cenarme un pato a la brasa delicioso.","Chùa Bái Đính 
Trang An Departure Boat Ticket
Hành Cung Vũ Lâm"
ninhbinh,dia3,"Me levanté temprano para aprovechar el último día en Ninh Binh antes de coger esa misma noche un autobús a Huế. Quería subir las 500 escaleras para ver la estatua del dragón que hay en la cima del Hang Múa y lo había dejado para el último día porque no me fiaba de subir con el suelo mojado. Así que desayuné mi bocadillo de tortilla y mi mango de rigor y cogí una grab moto hasta allí. No son 500 escaleras, son unas pocas más, ya te lo digo. Las rodillas, bueno, al bajar te van a doler; y si encima te impresionan un poquito las alturas como a mí, habrá momentos en que te puedes ver tentada a bajar de culo. No pasa nada, las vistas lo merecen. Al bajar me compré un salted coffee allí mismo y paseé tranquilamente por los campos de lotos, que estaban bastante pelados, pero aun así tenían encanto. Después volví andando por los arrozales hasta Tam Coc, almorcé mi segundo bánh mì y seguí paseando por la avenida principal de Tam Coc. Buscaba un mercado local que me habían dicho que estaba por ahí, pero entendí mal las indicaciones y llegué tarde; estaba cerrado. Fui al lago de Tam Coc y cogí el tour en barco desde allí. Compartí barca con una chica polaca muy simpática llamada Paula. En Tam Coc, las barcas son de hierro, no de madera, y las personas reman con los pies, no con las manos. La barca nos dejó en tierra y un trenecito eléctrico nos fue llevando a templos y pagodas, vimos una cueva también. Al volver, me senté en el lago a descansar y tomar un coconut coffee. Paseé hasta el cementerio y volví andando al homestay. Preparando la partida me duché, me di un masaje en un sitio a la vuelta de la esquina y, cansada y relajada, cené y cogí un grab hasta el punto de recogida del bus. ¡Mi primer bus nocturno! Cenando conocí a una pareja de españolas que también cogerían el mismo autobús que yo.","Hang Múa
Thai Vi Temple
Chùa Linh Cốc
Bich Dong Pagoda"
hue,dia1,"Me encantó el bus nocturno, pero no me encantó llegar a Huế a las 6 de la mañana, dos horas antes de lo previsto. Estaba amaneciendo cuando cruzaba en grab el puente por encima del río Perfume camino a la antigua ciudadela. Paseé hasta encontrar un sitio donde desayunar, me comí unas tortitas de plátano deliciosas y me encaminé a entrar a la Ciudadela Imperial. Es un recinto muy grande lleno de edificios con multitud de detalles; cogí la audioguía, aunque si digo la verdad, no me acuerdo de nada. Es complicado familiarizarte con las dinastías y con los siglos de historia de los que no tienes ni idea, de golpe en una visita. Estuve paseando por los jardines hasta la hora de comer, salí de la ciudad amurallada y me dirigí al mercado de Đồng Ba. En Huế es típica una sopa de fideos picante que se llama bún bò Huế; me senté en un puesto del mercado sin pensarlo mucho y la señora que lo regentaba me preguntó: «Noodle soup?» y yo dije «Yes». «Meat?» volvió a preguntar, y yo volví a contestar que sí. Y me puso delante lo que había prometido: unos pinchos de carne y un bún bò Huế. En la sopa había cosas que no sabía identificar. Otras que sí, como la sangre coagulada (es algo típico en muchos lugares de Asia). Empecé a darme cuenta de que no me iba a servir esta vez el no mirar mucho a mi alrededor, cuando una rata pasó al lado de mi pie. Y no quiero que suene como que no sabía a dónde iba, pero me lo pensé mejor. Me comí algunos fideos a pesar de que el caldo picaba que flipas, me comí los pinchos de carne en dos segundos y salí por patas, pensando en si había cometido el error que me llevaría a la temida intoxicación alimenticia. Pues no. No pasó absolutamente nada; un mal rato que me hizo pensar en hacerle caso a mis intuiciones a tiempo. Fin.
Por la noche cené en un sitio precioso con jardín, sin ratas, con velitas. Y di un paseo largo por la plaza frente a la Ciudadela; los niños estaban jugando a la pelota y se notaba que había bajado más al sur. No hacía ni frío ni calor, una noche muy agradable.","Quán Café 51
Hue Imperial City
Dong Ba Market
BÁNH GÁNH 2 - Cơm Niêu & Đặc Sản Huế
Stage of Flag"
hue,dia2,"Me levanté sin expectativas ni planes urgentes, pensando solo en estar tranquila. Desayuné en el mismo sitio que el día anterior, las mismas tortitas de plátano, con un salted coffee estupendo. Escribí un poco en mi cuaderno —ha sido el único momento del viaje en el que lo he hecho— y paseé por las calles tranquilas. Me tomé otro café antes de hacer el check-out de mi homestay, fui a la estación de trenes de Huế y esperé a mi tren hacia Da Nang.","Quán Café 51
Venus iCafe
Hue Railway Station"
danang,dia1,"El trayecto en tren hasta Da Nang está reconocido como uno de los más bonitos del mundo. A mí personalmente me gustó mucho más la parte de las montañas, los arrozales y la vegetación salvaje que las vías pegadas al mar, que en Catalunya podemos ver en casi toda la línea de costa. No por menos novedoso dejó de ser muy bonito. Al llegar a Da Nang lo único que quería era dejar las cosas en el hotel y comer, porque desde el café del mediodía me había comido unas galletitas Tuc con sabor a queso, y ya eran las 18. Andando desde mi hotel no veía nada que me apeteciese; Da Nang es una ciudad de costa, así que hay grandes marisquerías en primera línea de playa, pero no estaba mucho por la labor. Así que busqué en Google Maps, escogí un sitio y cogí una moto. Después de cenar volví andando al hotel, pasando por la playa. El hotel con más estrellas del viaje, y no fui capaz de pegar ojo. A veces pasa.","Đảo Ngọc Beach Hotel
Nhà An - Vietnamese local food restaurant and vegan"
danang,dia2,"Fui directa a ver a Lady Buddha, la estatua más alta de Vietnam, de 67 m. De noche la veía iluminada desde el hotel. Según he leído, representa la compasión y la misericordia, y está ahí para proteger a la gente de los peligros del mar. También hay una pagoda y monos, muchos monos. Me dan miedito, me parecen impredecibles y son, a veces, bastante agresivos. La señora que guardaba el altar de Lady Buddha tenía un tirachinas porque se ve que los monos intentan robar las ofrendas, jeje. Después de pasear y ver la pagoda volví al hotel y me di un baño en la piscina en la azotea del hotel, solo por marcar el check. Me duché y me fui a comer a un sitio vegano precioso, una casita en un callejón que tenía un jardín con un estanque y una mesa en el salón de la casa, abierto al jardín. Tenían una carta que había hecho la hija del matrimonio que lo llevaba, porque sus padres no hablaban mucho inglés, y explicaba la historia del lugar. Me comí la versión vegana de un cao lầu, delicioso y apacible. Volví al hotel, cogí las maletas y pedí un grab hasta Hoi An.","Chùa Linh Ứng
Chickpea Eatery: Mom's Kitchen - Da Nang Vegan & Vegetarian Restaurant"
hoian,dia1,"Llegué a Hoi An tras una siesta en grab; llovía cuando llegué pero enseguida paró y pude dar un paseo desde Cam Nam. Paseé toda la tarde por el mercado y las calles del centro de Hoi An, merendé un bánh mì y un café. Cuando empezó a atardecer se encendieron todos los farolillos de la ciudad y fui al río a dar un paseo en barca y lanzar al río mi farolillo encendido. Compré un conjunto de pantalón y top de lino precioso y también infusiones para poder tomar por la noche en el homestay. Las infusiones me gustaron tanto que compraría antes de volver a España dos paquetes más. Me comí una especie de cruasán planchado de chocolate con forma de pez. La primera noche no tuve hervidor y le pedí a un vecino de habitación que me hirviera el agua para mi té.","Cam Nam Homestay
Madam Khanh - The Banh Mi Queen
Phê La - Phan Châu Trinh, Hội An"
hoian,dia2,"Amanecí en Hoi An y fui a desayunar al que sería mi restaurante favorito; probé por primera vez el bánh xèo. La chica del restaurante, muy amable, me enseñó que hay que enrollarlo en el papel de arroz con las hierbas dentro, delicioso. Empecé mi espiral de compras que duraría los 4 días que estuve en Hoi An; es una ciudad para ir con la maleta vacía. Probé el cao lầu, que es una comida típica de la zona: fideos gruesos con cerdo. Encargué dos pares de sandalias a medida en el mercado y me hice una pedicura. Compré joyitas para mí y mi familia y, al final del día, me dirigí hacia Cam Nam a mi ya restaurante de confianza y me comí un delicioso phở. Conseguí mi hervidor y pude tomarme mis infusiones nocturnas.","Su Deli Restaurant & Coffee
Jimmy Jewellery Hoi An
MẸT Hội An - Vietnamese restaurant & Vegetarian Food 6
Five Senses Spa Hoi An"
hoian,dia3,"El día anterior se me ocurrió que no podía estar todos los días paseando y comprando como forma de vida, así que reservé una excursión para ir a ver un conjunto de templos del pueblo Cham llamado Mỹ Sơn. Está camino al interior, como a una hora de Hoi An. Reservé la excursión de las 5 de la mañana porque se me ocurrió ser vietnamita en horario. Resulta que de camino empezó a caer el diluvio universal, y yo con mi triste chubasquero de goretex falso —que entiéndeme, para una lluvia normal te salva, pero para lo que estaba cayendo…— Los Cham forman parte de las 54 etnias que componen el pueblo de Vietnam; estaban allí antes de que los vietnamitas llegaran y su cultura y religión es similar a la hindú, pero con algunas cosas diferentes. Me gustó mucho porque en la excursión solo éramos 3 personas: una chica de Nueva Zelanda, una mujer de Singapur y yo. La mujer de Singapur era hindú, así que junto con el guía de la excursión fuimos haciendo una comparativa sobre qué cosas eran iguales y qué cosas distintas en ambas culturas. Mỹ Sơn es famoso por cómo está construido; a día de hoy no se sabe con certeza cómo lo hacían, pero los ladrillos están unidos sin nada en medio. Creen que es algo que añadían a la composición del ladrillo (hay gente que dice que savia o resina de los árboles), pero todavía no saben qué. El guía nos explicó que hay una teoría que dice que secaban los ladrillos, construían el templo y luego cocían el templo entero apilando alrededor árboles enteros de sándalo que prendían y ardían durante días. Imaginar esos edificios como una hoguera inmensa en aquel lugar —si fue así— debió ser catártico.
Mojada hasta los huesos, fuimos a una granja local a aprender a hacer papel de arroz y dimos un paseo en barco hasta Hoi An. Después de la excursión no hice mucho: almorcé, paseé, recogí mis sandalias y me di un masaje. Después fui a hacer un taller de farolillos y me hice mi propio farolillo. Cené un phở en Su Deli y me fui a dormir temprano.","My Son
Five Senses Spa Hoi An
The Lantern Lady"
hoian,dia4,"Desayuné un bocadillo de tortilla y me fui a hacer un taller de preparación de cafés. Una chica muy simpática llamada Loan me enseñó a preparar phin coffee, egg coffee, salted coffee y coconut coffee. Di un paseo y encontré un sitio con unas sedas muy bonitas; Hoi An es famoso por las sastrerías, la ropa a medida y las personas que trabajan el cuero para hacer zapatos y bolsos. Así que encargué una tote bag para recoger esa misma tarde. Estuve leyendo Hamnet en la plaza del mercado después de comer, casi hasta que atardeció, y fui a recoger mi bolsa. Volví al homestay para acabar la maleta y salí a comerme una crep de plátano y chocolate antes de coger un grab al punto de recogida de mi bus nocturno hacia Nha Trang.",
nhatrang,dia1,"Llegué a Nha Trang cuando amanecía; toda la playa estaba llena de gente nadando y haciendo ejercicio a las 6 de la mañana. Tenía reservado un apartamentito enfrente del mar e intenté hacer el check-in antes, o que por lo menos me dejaran dejar las dos mochilas que llevaba ahora hasta arriba de cosas que había comprado en Hoi An. Resumiendo, no pude. Así que me fui con mis mochilas a desayunar unas crepes y a tomarme un café. El check-in era a las 14 y tenía muchas horas por delante, así que me fui a la playa, me puse el bikini y alquilé unas tumbonas, una para mí y otra para mis mochilas. Al intentar hacer el check-in a las 14, las personas del apartamento dejaron de contestarme y, 45 minutos después, me tuve que buscar una alternativa. Pero primero esperé otros 35 minutos para sentarme y comerme una pizza. Mientras me la comía intenté reservar otro hotel, el cual también me cancelaron a los 5 minutos. Un poco harta, reservé uno MUY barato al final de la playa, en el barrio ruso. Cogí un grab y al llegar vi otro que me pareció muy bonito; entré a preguntar cuánto costaba la noche y, al ser el que había reservado bastante más barato, decidí ir a ver primero. No pasé de la recepción. Antes de que me atendieran volví al que me había llamado la atención y cogí una habitación sin saber siquiera cómo sería. Pues resultó ser una suite, con cocina, saloncito y la mejor cama de la historia, con balconcito y todo. Y quiero aclarar que cuando digo que este era más caro que el otro es porque toda la estancia me costó 53 € vs 20 € que costaba el anterior. ¡Cómo, CÓMO se puede ser tan rata de cloaca, os preguntaréis! Pero es que cuando empiezas a acostumbrarte a los precios de allí empiezas a tener el valor de caro y barato de allí, aunque cuando te paras a pensarlo realmente… Después de darme una ducha y descansar un poco bajé a una lavandería al lado del hotel a hacer mi colada y estuve leyendo mientras lavaba y secaba. Ya con toda mi ropa limpia, me fui a dar un paseo y cenar.","Deni Pancakes
NACHAN TEA & COFFEE
Pavillon Boutique Hotel & Apartment Nha Trang"
nhatrang,dia2,"Comencé el día cogiendo un grab para ir a desayunar a un sitio que tenía guardado; desayuné en un balcón tranquilo. Después di un paseo hasta la playa y de camino pasé por un mercado en el que vendían de todo. En Vietnam, dentro del caos siempre hay un orden, y lo que me encanta de los mercados es cómo agrupan las cosas: una tienda que solo vende gallinas y tiene todas sus gallinas en las jaulas agrupadas por tamaños, por colores. Otra que solo vende huevos, y ahí están, los blancos juntos, los pardos en otra parte, los pequeños, los más grandes; dentro de todo el caos de hacer las cosas como se puede, tienen un orden que aporta armonía y hace que visualmente te dé satisfacción. Me encantan los mercados; haría fotos de cada segundo que pasa en cualquiera de ellos, pero también tengo que decir que si a la imagen pudiéramos sumarle los otros sentidos (el oído, el olfato, incluso el gusto o el tacto), la experiencia se convierte en una cosa distinta. Los olores se mezclan, el ruido constante y abrupto a veces… Tocar, es mejor no tocar nada. Aun así, son visiones crudas de lo que pasa en una cultura: qué se come, qué se compra para casa, cómo es el día a día. Es una inmersión. Pasando de largo del puesto de las gallinas y del posible foco de gripe aviar, cogí un coconut coffee helado y me fui a la playa dispuesta a regatear por mis tumbonas y pasarme la mañana leyendo frente al mar. Durante estos días me acabé Hamnet y me leí casi entero Cumbres Borrascosas, me puse morena y disfruté mucho de no hacer nada en concreto. Al mediodía fui a comer y paseé de vuelta a casa. Se me ocurrió parar en un sitio a hacerme un spa capilar y una limpieza facial. Tengo que decir que me dejaron divina, pero un poco calva también. Con esto me volví al hotel, cené mi infusión y mi bizcochito y me fui a dormir.","OPTIMIST Casual Cafe
Vocuppa Dessert & Café
라냐 Là Nhà
Clover Spa Massage Nha Trang - 나트랑 마사지"
nhatrang,dia3,"Mi último día en Nha Trang; decidí hacer un esfuerzo y no ir directamente a mi tumbona favorita y visitar el par de cosas culturales de rigor que tenía en mi lista. La primera parada, después de desayunar en un jardín precioso y vacío, fue Po Nagar. Po Nagar es un complejo de templos restaurado de la misma época y estilo que Mỹ Sơn, cerca de Hoi An. Está mucho más cerca de la ciudad, por lo que también está mucho más lleno de turistas; ahí pude ver un trocito de baile tradicional Cham, pero entre el sol abrasador y toda la gente que había no estuve mucho tiempo paseando por allí. Cogí un grab a Long Son Pagoda y subí a ver la estatua de Buda que hay en lo alto de la colina. Al bajar, vi que había otra estatua de un Buda durmiendo y fui por el camino que creía que llevaba a ella. Nunca la encontré. Pero por el camino debí equivocarme y acabé llegando a un pequeño cementerio budista en el que solo se escuchaban los pájaros y los salmos repetidos por los altavoces. Hay lugares que te despiertan una sensación especial, como si estuvieras en un lugar mágico. Quizás por la mezcla de sensaciones de espiritualidad, un poco de misterio, un poco de quizás no tener que estar ahí, de estar mirando un momento precioso desde un rincón, respirando muy despacio para que nada lo altere. Paseé entre los nichos muy despacio, apreciando la calma y el regalo de estar allí. Una vez finalizada mi mañana turística y espiritual, fui a por mi café de coco helado y algo de comer y volví a mi lugar feliz: la hamaca frente al mar. Después de unas horas, fui a comer a un sitio que había visto al pasar y me pareció muy bonito. El sitio era muy bonito, la comida también, y también fue lo único que me sentó fatal durante todo el viaje. Así que volví paseando (malamente) hasta el hotel y, después de mucha indecisión, pospuse hasta el día siguiente mi viaje a Ho Chi Minh. Mi tren salía esa noche, pero no me encontraba bien, no solo para viajar, sino que pensaba en llegar a las 5:30 de la mañana y tener que estar otra vez cargando con las mochilas a 30 grados hasta las dos de la tarde, y me daba un parraque. Así que me quedé en mi suite y reservé un autobús con camita para la mañana siguiente. Orgullosa y agradecida de haber tomado esa decisión.","Artisan Cafe & Eatery

Po Nagar Temple
Long Son Pagoda
Mắm Restaurant - Homestyle Vietnamese Flavors"
nhatrang,dia4,"Me despedí de Nha Trang a las 8 de la mañana. Subí al autobús y me acomodé en mi rutina de viaje: pañuelito sobre el asiento, cargador al móvil, tapones y antifaz para dormir. Y puse rumbo siesta hasta Ho Chi Minh City.",
hochiminh-1,dia1,"Al llegar a Ho Chi Minh City, dejé las cosas en mi homestay y bajé a buscar algún sitio donde comer. Como estaba delicada todavía, no quería comer cualquier cosa, y después de dar mil vueltas acabé en un sitio de phở a punto de cerrar donde una señora muy amable me explicó cómo se come el phở en Saigón: las cinco hierbas que hay que echarle y las salsas que hay que mezclar para mojar el embutido que ponen dentro. Con el estómago lleno y sintiéndome mucho mejor me aventuré a coger un grab moto hasta la oficina central de correos, visita obligada. No había ido todavía en moto en una ciudad con tanto tráfico como Ho Chi Minh; hay que cerrar los ojos y abrirlos al bajar. Envié unas postales a amiguis y familia desde allí; curiosamente la única que se perdió por el camino era una que me había mandado a mí misma; el resto llegaron todas. Después fui caminando por la ciudad, visitando varias tiendas que tenía apuntadas. Tenía miedo de llegar hasta allí y que no me gustara la ciudad; después de la llegada a Hanoi, me imaginaba Ho Chi Minh igual pero con muchísimo calor; pero ni los 30 grados parecían tanto, ni el caos, el tráfico y la polución me agobiaron tanto como en Hanoi. Al contrario, fue una de mis ciudades favoritas; me dio la sensación de que las cosas allí estaban menos pensadas para los de fuera y eran reflejo del Vietnam moderno y actual. Un montón de marcas pequeñas de ropa, tiendas de diseño, joyerías increíbles; al contrario que la avalancha de «made in Vietnam» de Hanoi, aquí encontré cosas únicas, me pareció más auténtica. Ojo, Hanoi no es solo eso, pero sí creo que hay una gran parte que se dedica a explotar ese concepto para el turismo. Cuando se me hizo de noche, volví al distrito 1, donde se encontraba mi homestay, y cené un bánh mì delicioso muy cerca de allí. Volví a mi habitación y preparé mi mochila porque al día siguiente a primera hora comenzaba mi excursión al Delta del Mekong.","Phở Thái Sơn
Saigon Central Post Office
Book Street Lighthouse Monument
Tân Định Parish Church
JELLYFISH SAIGON
Bánh Mì Hồng Hoa"
mekong,dia1,"No recuperada del todo de mi barriga, al levantarme me dirigí a un 7-Eleven a comprar algo que me hidratara y me mantuviese viva sin necesidad de que fuera sólido: Aquarius. Al llegar al punto de recogida de mi tour vi a una chica que parecía estar esperando igual que yo y le pregunté. En efecto, íbamos en el mismo tour y nos alojábamos en el mismo homestay, aunque eso no lo sabría hasta después. Era Sophie, una chica de Viena que viajaba sola y había llegado hacía poco a Vietnam; estaba haciendo casi la misma ruta que yo (y que todo el mundo), pero al revés. Apareció nuestro guía Nick, un chaval de 22 años recién salido de la carrera, en una minivan. Todo el grupo se componía de nosotras y tres parejas de matrimonios entre 60 y 70 años de edad. Unos alemanes, otros británicos e irlandeses. Pusimos rumbo a la primera parada: la pagoda Vĩnh Tràng. De ahí fuimos a coger un barco y visitamos una isla de cocoteros, donde nos enseñaron de qué manera aprovechaban todas las partes del coco y nos dieron a probar diferentes dulces. Para ese momento yo estaba empezando a olvidarme del estado de mi estómago bajo el lema «la que tenga miedo a morir que no nazca» y, por supuesto, probé todo lo que me ponían por delante. Es más, de ahí cogimos unos tuk-tuks y nos llevaron a hacer una degustación de frutas tropicales. Nuestro guía nos explicaba de qué manera se reinventa la gente del Mekong para subsistir, cultivando lo que la tierra les permite según el clima y las lluvias. Probé todas las frutas menos los lichis. Jackfruit, papaya, mango y otra que parecía una mezcla entre una chirimoya y una manzana, acompañadas de un té muy rico en unos vasos monísimos que busqué después en todas partes para comprármelos, y no los encontré.
Mientras probábamos las frutas, unas señoras se pusieron a cantar canciones vietnamitas y después nos llevaron en una barquita por los canales. Yo miraba todo el rato entre las cañas a ver si de repente veía los ojillos de un cocodrilo asomando, pero nada. De ahí nos montaron en el barco más grande, nos dieron un coco para beber y nos llevaron a comer. Comimos pez oreja de elefante, un pez típico de la zona, además de rollitos vietnamitas, arroz, bánh xèo, sopa de pollo y carnes varias. Para acabar las actividades del día, nos llevaron a una granja de abejas y nos dieron a probar té con polen, propóleo, miel y limón. Eso me acabó de curar el estómago. Volvimos a coger el barco y la minivan y llegamos a Can Tho, la ciudad donde dormiríamos. Después de hacer el check-in en el hotel, me fui a dar un paseo por su mercado nocturno y a cenar. Comí un plato que se llama nem nướng: son como salchichas de cerdo a la parrilla que te sirven con fideos de arroz y hojas frescas tipo lechuga, pepino, menta, cilantro, etc. Además de encurtidos tipo nabo, zanahoria, calabacín. Lo pones todo dentro de un papel de arroz y haces un rollito y lo mojas en una salsa que sabe a cacahuete. Tremendo.","7-Eleven
Vĩnh Tràng Pagoda
Bến Tre
Nhà Hàng Diễm Phượng
Nem Nướng Thanh Vân"
mekong,dia2,"Me levanté antes de que saliera el sol porque habíamos quedado en el hall a las 6 de la mañana para ir a ver el mercado flotante de Cai Rang. Nada más bajar nos recogieron y fuimos a embarcar. Nick nos explicó que desde el covid, el mercado ha ido decreciendo porque mucha gente que se dedicaba a ello tuvo que vender sus barcos y dedicarse a otra cosa durante la pandemia. Es cierto que me imaginaba muchos más barcos, pero estuvo interesante. La gente cuelga de un palo lo que venden para que lo puedas ver de lejos: por ejemplo, una piña, un boniato, un coco… Nos subieron a un barco-casa y nos dieron un té, un poco de fruta y algo más. Tenían dos barcos juntos; en uno de ellos guardaban el suelo lleno de boniatos y en el otro lo tenían inundado, con peces, ranas y patos. Los patos comían phở. De ahí fuimos al mercado de tierra, dimos un paseo y nos recogieron para ir al hotel a desayunar y hacer el check-out. De ahí fuimos a un homestay donde íbamos a dar un paseo en bici y nos iban a enseñar a hacer bánh xèo. Pero nada más salir en fila con las bicis, una de las mujeres del grupo se cayó y se hizo un corte bestial en la rodilla; sangraba a chorro porque estaba tomando anticoagulantes. Se acabó el paseo; se la tuvieron que llevar al hospital y le pusieron 27 puntos. Mientras la operaban, el resto aparcamos las bicis y nos dimos un paseo a pie para evitar más accidentes. Luego nos enseñaron a hacer la tortita vietnamita y comimos. Poco después de acabar, volvieron del hospital, comieron y pusimos rumbo de vuelta a Ho Chi Minh, dando por acabada la aventura del Mekong.","Cai Rang Floating Market
An Binh Market
Ancient House 10 Vo"
hochiminh-2,dia1,"Llegué por la tarde al homestay e intercambié teléfonos con Sophie para hacer algo juntas al día siguiente. Sin querer perder tiempo, dejé la mochila en mi habitación y salí a la calle a buscar ropa vietnamita que comprar. Quería comprarme algo estilo qipao, pero las tallas de Vietnam son para cuerpos asiáticos y a veces la talla más grande es una M. Pasé por el mercado de Ben Thanh y me compré un mini bolsito de Longchamp, de Longchamp vietnamita. Totalmente innecesario pero cuquísimo. Al final acabé en un Vincom Center, un centro comercial gigante con un montón de pop-ups monísimas de marcas pequeñas y locales; me encantó, pero acabé en el H&M. Necesitaba algunas cosas básicas para el viaje al norte. Luego seguí paseando hasta la ópera y pasé por delante del edificio del Café Apartment, pero me pudo el agotamiento y las ganas de comerme un bánh mì, y volví a mi zona en moto, cené y me fui a dormir.","Ben Thanh Market
Vincom Center Dong Khoi
Saigon Opera House
Quảng trường Nguyễn Huệ
Bánh Mì Hồng Hoa"
hochiminh-2,dia2,"Me levanté un poco tocada de la garganta; viendo cómo me caía encima un resfriado a 30 grados, decidí igualmente seguir mi plan de último día entero en la ciudad. Me puse ropa nueva y me fui a desayunar un phở para empezar el día con alegría. Después fui a visitar un edificio que hay enfrente de mi bánh mì de confianza. En Ho Chi Minh hay muchos bloques de pisos que tienen negocios en su interior, por lo que puedes subir a un primero y que haya una papelería (que así era en este caso). Subí hasta el último piso buscando una terraza con vistas y me encontré una tienda de ropa vintage, donde me compré un pañuelo de seda precioso, y una cafetería con gatos dentro (una de ellas disfrazada de señorita). A por los gatos, claramente. Después cogí un autobús (experiencia de guiri desastrosa) para ir a una joyería que quería visitar en el distrito 3. Después paseé y me tomé un café mientras visitaba perfumerías; cuando me empezó a entrar el hambre, cogí un grab hasta mi distrito y fui a comer com tấm: arroz partido acompañado de huevo frito, pork belly y encurtidos. Me hubiera comido 3. Después volví a mi habitación a reorganizar mi maleta y descansar. A media tarde quedé con Sophie para ir a ver el mercado de las flores; paseamos por allí hasta que no hubo más que ver y nos fuimos a tomar algo al último piso del Café Apartment. Estuvimos charlando hasta la hora de la cena y quedamos en vernos al día siguiente y compartir el grab al aeropuerto. Nuestros vuelos salían con media hora de diferencia. Volví al homestay y paré en una farmacia para comprarme un spray de propóleo y unos caramelitos para la tos.","Phở Thịnh
Nhà Chung Cafe
AAA JEWELRY
Là Việt Coffee
Parfumélite
Cơm tấm Đề Thám
Flower market
The Cafe Apartments"
hochiminh-2,dia3,"Últimas horas en HCMC. Fui a hacer la colada a una lavandería autoservicio muy moderna; metes la ropa y la misma máquina te lava y seca, por lo que no tienes que volver a cambiar la ropa de máquina; además, con un código QR puedes ver en tiempo real cuánto le queda para acabar. Mientras mi ropa quedaba limpia, me fui a desayunar, a comprar últimos souvenirs y a tomarme un café. Cuando hubo acabado, volví y acabé la maleta, descansé el rato que quedaba hasta marchar y pedí el grab con parada para recoger a Sophie, que desde la vuelta del Mekong se alojaba en otro homestay no muy lejos del mío.
Cogimos el grab y llegamos al aeropuerto, nos tomamos un café y esperamos juntas hasta que se acercó la hora y nos despedimos en mi puerta de embarque. Sophie es la única persona con la que he seguido hablando después de volver de Vietnam; me gustaría visitarla en Viena o que ella viniera a Barcelona porque me gustó mucho el tiempo que compartimos y creo que podríamos ser amigas. Cogí el avión de vuelta a Hanoi.","SESA Coin Laundry Cửa hàng giặt sấy tự động
Cam Tom Street Food
AM:PM cafe & pop-ups"
hanoi-2,dia1,"Aterricé en Hanoi ya anocheciendo y cogí un grab desde Nội Bài. Era hora punta y tardé más de una hora en llegar cerca de mi homestay. Había también muchas calles cortadas porque nos acercábamos al año nuevo y había celebraciones previas por todas partes. Me alojé en una habitación en un 4.º piso sin ascensor a la que se accedía por un spa. Bajé a dar una vuelta para ver qué cenar y con la misión de comprar unos guantes para mi próxima experiencia motera (los compré, pero nunca los usé). Era la segunda vez que estaba en Hanoi y encontré la ciudad distinta; no me apetecía nada llegar allí cuando estaba en Ho Chi Minh City, pero después de tres semanas en Vietnam, ya no me abrumaba tanto y se me hizo más cómoda. Fui a cenar a un sitio en el que el único plato que servían era bún bò Nam Bộ, una especie de ensalada de vermicelli y ternera, con lechuga, hierbas y cacahuetes. Después, de camino a mi habitación, compré un roti —que es como un bollito caliente relleno de cosas, el mío siempre de chocolate— y me lo llevé a la habitación para acompañar mi infusión nocturna. En Hanoi hay un sitio muy famoso de rotis en el Old Quarter en el que siempre hay mucha cola, pero justo al lado hay otro que (para mi gusto) está más bueno y no tiene tanta fila. Me fui a dormir y estuve toda la noche tosiendo sin parar.","Bún Bò Nam Bộ Bách Phương
Cake"
hanoi-2,dia2,"Me levanté y avisé a la señora del homestay. El día de llegada te pregunta qué vas a querer de desayunar, te da un montón de opciones y cuando te levantas le avisas y a los 15 minutos te suben el desayuno en una bandejita. Así que desayuné fideos con ternera picantes y un té, y bajé a la calle a acabar de hacer algunos recados: comprar desodorante, snacks para el autobús, sacar dinero… Me di cuenta de que me había dejado la cartera con la tarjeta en el 4.º piso y tuve que volver; aproveché para hacer el check-out y dejé las mochilas abajo mientras sacaba dinero, volví y cogí un grab hasta el punto de salida del autobús hacia Ha Giang. Llegué media hora antes, pero nada más llegar me subieron a un autobús, me puse cómoda y empezaron las 7 horas de trayecto.",
hagiang,dia1,"Llegué a Ha Giang hacia las 19:30, nos dejó el autobús en la puerta del hostel de la compañía que escogí para hacer el Ha Giang Loop: Road Kings. El hostel se llama Top of the Loop; tiene habitaciones de 6 camas cada una, bastante cómodas. Me metí en una habitación con otras dos chicas americanas jovencitas; por la noche, en el siguiente bus, llegó otro chico, pero no nos enteramos de nada. Dejé las cosas en la habitación y me fui a dar un paseo por la ciudad; llegué a una plaza donde estaban ensayando un espectáculo para las celebraciones del Tết y había varios puestos de cosas típicas de la región, entre ellas los típicos pañuelos de colores que ya sabía que quería. Compré uno para mí y otro para llevarle a mi madre. De vuelta al hostel y buscando qué cenar, me encontré a otras dos chicas que había conocido cenando en un sitio y les pregunté por lo que estaban comiendo. Era bánh cuốn: unas láminas de crepe de arroz rellenas de una mezcla de carne y hongos, enrolladas y cortadas en trozos. Allí te lo servían con un caldo para mojar y además hacían unos especiales que llevaban huevo dentro. Delicioso. Ya con el estómago llenito, volví al hostel, me di una ducha y me fui a dormir con mi pack de medicamentos y pañuelos a mano.","Top Of The Loop Hostel Ha Giang
Tượng Đài Hồ Chí Minh
Hà Giang cột mốc số 0
Quán bánh cuốn Bà Mai"
hagiang,dia2,"Primer día del loop en Ha Giang. Llegó el momento de subirse a las motos. Todo el viaje pensando si esto era una buena idea, si lo iba a disfrutar, si iba a pasar miedo… Subimos a desayunar y nos sentaron en mesas con el grupo con el que iríamos todos los días. En mi grupo éramos 8: dos parejas y cuatro solo travellers. Louise y Valentin, de Francia; Nina y David, de Glasgow; Robin, de Ohio; Jack, de Chicago y Carmen, de Tossa. Después de desayunar, nuestro leader Tuấn nos explicó el recorrido que haríamos los próximos 4 días. Recogimos las cosas y bajamos al hall a que nos presentaran a nuestros riders. Porque lo más habitual del loop es que alguien te lleve en la moto, y pasarás los 4 días siguientes yendo de paquete. Mi conductor se llamaba Thạch, tenía más o menos mi edad y era la persona más amable y dulce que he conocido en Vietnam. Si pones su nombre en el traductor, literal en inglés se traduce como Jelly. Apropiado 100%. No hablaba casi inglés, así que no hablábamos prácticamente, pero desde el primer momento me hizo sentir segura y tranquila en la moto; perdí los miedos gracias a él. Nos pusimos en marcha parando en varios puntos para admirar las vistas y tomar café. Los paisajes de Ha Giang, incluso con la niebla que había, son increíbles. Las montañas, los bosques, los valles, toda la inmensidad de la naturaleza y los pequeños pueblos y ciudades aquí y allá, cómo se mantiene la tradición de las etnias entre las montañas. La vida sencilla y, a veces, increíblemente dura, de las personas que viven allí. Andar kilómetros arriba y abajo para ir al campo, a la escuela. El día acabó en Du Gia; nos alojamos en un homestay de cabañas de madera con una pared de cristal por la que se veían las montañas desde la cama. Fuimos a una cascada y algunos del grupo subieron y saltaron al agua desde arriba; después volvimos y cenamos en el homestay con otros grupos de personas que también estaban haciendo el loop. Me fui a la cama temprano, cansada del largo día.","Thác Du Già
Du Già Mit's Homestay"
hagiang,dia3,"Comenzamos temprano el segundo día de recorrido desayunando en el homestay y poniendo rumbo enseguida hacia el paseo en barco de bambú que nos esperaba antes de comer. En unas barcas hechas con tubos de plástico y bambú atados entre sí, fuimos flotando hasta el interior de una cueva donde algunos saltaron al agua para bañarse. No hacía calor, y aunque las dos veces que tuvimos oportunidad de bañarnos me puse el bikini por si acaso, llegada la hora de la verdad me daba miedo que el frío empeorara mi resfriado. La barca la llevaba una mujer tirando de unas cuerdas atadas a los árboles y las rocas durante todo el recorrido, que actuaban como guías para transportar la barca en la dirección correcta. Después de volver a tierra fuimos a comer y nos dirigimos a Mèo Vạc, al cañón de Tu Sản atravesado por el río Nho Quế. Paramos antes para tomar un café y hacer fotos. Al llegar al cañón nos subimos a un barco y dimos una vuelta entre los altos acantilados que rodean el río; es el cañón más profundo del sudeste asiático. El agua del río Nho Quế tiene un color verde intenso y hace que el paisaje sea aún más increíble. Al volver al embarcadero volvimos a subir hasta Mèo Vạc y llegamos hasta el homestay donde nos quedamos esa noche. Cenamos hot pot y dimos una vuelta después de cenar, buscando snacks en las tiendas locales, antes de ir a ver un espectáculo tradicional en un local del pueblo.","Hang Thầm Lín
Nhà hàng Phấn Kết
Bến thuyền hẻm Tu Sản"
hagiang,dia4,"Tercer día de camino, y para mi gusto, el mejor de todo el viaje. Nos levantamos y desayunamos en el homestay y salimos camino a Mã Pí Lèng Pass, uno de los tramos más famosos del loop. Fuimos a hacer una ruta de senderismo por el Sky Path, un camino que pasa por debajo de los White Cliffs y que tiene unas vistas increíbles del río Nho Quế y del cañón de Tu Sản, el que habíamos visitado el día anterior en el barco; hoy lo veíamos desde las alturas. Fueron 3 horas de camino, y mereció la pena cada momento que se me salía el corazón por la boca. Es uno de los lugares más bonitos en los que he estado jamás; la inmensidad de las montañas me pareció espectacular. Cuando elegí la ruta con Road Kings, para los 4 días había dos opciones: esta de los acantilados y otra en la que se visitaba una cascada muy grande. Estuve a punto de coger la segunda solo por el miedo a pasarlo mal durante el trekking, por si la altura me paralizaba. Me hizo inmensamente feliz haber elegido a pesar del miedo, porque fue lo mejor del viaje. Cada vez que he tenido miedo o que he dudado sobre si hacer algo en Vietnam, he pensado que quizás no pudiera hacerlo nunca más y eso me ha hecho tirar hacia delante. Ese día me dolía el gemelo un montón; era el tercer día en la moto y cuando bajábamos las pendientes del 10% clavaba los pies para no irme hacia delante, además de agarrarme a la moto como si se me fueran a caer los brazos. Tenía una contractura bestia en el gemelo de la tensión de todo el tiempo, pero no hubo otra que subir ese camino. No regrets. Parece que ir de paquete fuera ir de paseo y os aseguro que no; el cuerpo se cansa, se tensa, y tenía agujetas y contracturas al acabar que me duraron semanas. Pero lo dicho, no cambiaría absolutamente nada de cómo fue. Después de acabar el trekking nos tomamos un café y nos recogieron nuestros drivers para ir a Đồng Văn a comer; y por primera vez desde que empezamos, salió el sol. Después de comer salimos otra vez y fuimos entre árboles y bosques hasta la frontera con China y a ver la famosa torre de la bandera de Lũng Cú, desde un pueblo de una etnia llamada Lô Lô que hacen sus casas de barro. La bandera tiene 54 m² de tela, uno por cada etnia que compone el pueblo vietnamita, y se encuentra en el punto más al norte de Vietnam. Nunca había visto montañas tan grandes como las que vimos allí. Después emprendimos el camino de vuelta a Đồng Văn y dejamos las cosas en el alojamiento. Ahí Tuấn nos dijo que podíamos ir a un spa que hacían baños herbales, que es una cosa tradicional del norte de Vietnam; también los hacen en Sa Pa. Algunos del grupo fuimos y nos dimos el baño y un masaje. Te llenan una bañera redonda de madera con agua roja oscura caliente y te metes ahí 15-20 minutillos; luego, en mi caso, apareció una chica joven y pequeñita a darme el masaje y me dejó partida en dos. Ya relajadas y ligeras, nos fuimos a cenar hot pot delicioso y a dar un paseo nocturno por los bares del pueblo. Yo me retiré pronto como siempre, y le pedí a la señora del homestay un hervidor para hacerme mi infusión nocturna. Como no tenía más que el suyo propio, me subió un termo grande con agua hirviendo dentro y pude completar mi ritual diario, con bizcochito incluido.","Mã Pì Lèng Panorama View Point
Ma Pi Leng B(White Cliff)
Mỏm Đá Tử Thần
Youth Volunteer Monument
Lung Cu Flag Point
Bản Du lịch Lô Lô Chải
Như Ý Massage Cơ Sở 3"
hagiang,dia5,Último día del Ha Giang Loop.,
hanoi-3,dia1,,
hanoi-3,dia2,,
hanoi-3,dia3,,